Table 8.7,Unnamed: 1,Unnamed: 2,Unnamed: 3,Unnamed: 4,Unnamed: 5,Unnamed: 6
Aboriginal and Remote Communities Project – Stage 1,Treasury,9.2,,9.1,9.0,8.8
Tariff Adjustment Payment – Operating Subsidy,Treasury,25.2,28.3,26.5,16.1,11.9
Dependent Child Rebate,Treasury,16.9,16.7,18.2,20.0,21.8
Feed‑in Tariff,Treasury,30.3,30.3,30.3,30.3,30.3
Tariff Adjustment Payment – Operating Subsidy,Treasury,403.9,320.4,257.2,160.6,92.6
"Country Water, Sewerage and Drainage Operations",Treasury,410.5,410.8,408.7,408.1,402.9
Infill Sewerage Program,Treasury,28.1,13.5,12.5,10.6,10.4
Pensioner and Senior Concessions,Treasury,139.2,141.7,152.1,163.0,174.8
Burrup Water Supply System,DSD(e),9.4,9.6,9.8,10.1,10.3
Australian Marine Complex – Rate of Return Stages 1 and 2,Treasury,19.0,19.0,19.0,19.0,19.0
Hope Valley/Wattleup Redevelopment – Land Acquisition,Treasury,6.7,7.7,7.7,7.7,7.7
Dampier – Burrup Port Infrastructure Subsidy,DSD(e),8.2,11.2,7.8,9.1,9.1
Direct grants – Various Racing funding,Various(h),40.8,41.9,43.1,44.3,45.6
School Bus Services,Treasury,114.7,116.5,119.5,124.0,127.8
Transperth – General (j),Treasury,491.3,534.6,579.4,587.5,654.9
Transperth – Concession Fares,Treasury,48.9,51.2,52.3,53.5,56.9
"Transperth – Pensioners, Seniors and Carers Free Travel (k)",Treasury,16.3,17.2,17.7,18.4,19.1
Transperth – School Children Fares,Treasury,5.7,6.3,6.8,7.4,7.7
Regional Town Bus Services (l),Treasury,18.5,18.2,18.7,19.3,19.9
General (j),Treasury,22.5,22.7,24.1,26.5,27.6
Regional School Bus Services – Intensive English Centres and Other Services – Recurrent Grant,Education,4.9,5.1,5.3,5.3,5.3
Transperth Free Transit Zone – Recurrent Grant,Transport,15.3,15.3,15.3,15.3,15.3
Aboriginal Housing and Essential Remote Services (Various Programs),Treasury,62.0,47.0,47.0,17.0,17.0
