TOWN LOCALITY,REGION,YEAR,FOOD,CLOTHING,HOUSING,HOUSEHOLD EQUIPMENT & OPERATION,HOUSEHOLD SUPPLIES & SERVICES,TRANSPORTATION,TOBACCO & ALCOHOL,HEALTH & PERSONAL CARE,RECREATION & EDUCATION,ALL GROUPS
Carnarvon,Gascoyne,2025,101.1,190.3,92.2,110.4,,118.0,99.0,102.5,96.5,105.6
Denham,Gascoyne,2025,125.0,202.3,97.1,124.0,,134.0,113.8,47.5,86.0,110.7
Exmouth,Gascoyne,2025,109.3,200.6,128.4,120.9,,112.9,110.1,116.8,111.2,119.3
Esperance,Goldfields-Esperance,2025,100.8,96.1,86.2,101.1,,101.1,97.3,115.5,95.2,98.0
Kalgoorlie,Goldfields-Esperance,2025,101.5,96.5,92.2,100.4,,101.6,98.4,107.6,97.3,99.0
Kambalda East / Kambalda West,Goldfields-Esperance,2025,96.0,176.8,71.4,108.4,,109.9,96.4,109.4,94.4,98.2
Leonora,Goldfields-Esperance,2025,126.5,164.7,63.0,127.4,,118.6,118.9,57.0,97.5,102.7
Norseman,Goldfields-Esperance,2025,108.6,168.8,66.5,126.4,,124.0,105.8,114.7,103.6,106.2
Albany,Great Southern,2025,104.0,101.0,90.4,103.2,,100.4,97.8,112.4,98.2,99.9
Denmark,Great Southern,2025,98.1,180.8,95.3,112.4,,108.2,99.4,101.8,91.4,103.2
Gnowangerup,Great Southern,2025,99.7,227.5,75.2,115.2,,110.3,119.4,113.8,92.5,103.8
Katanning,Great Southern,2025,95.6,229.0,88.8,109.4,,98.9,96.4,109.6,87.2,100.8
Mount Barker,Great Southern,2025,96.9,221.5,83.6,112.3,,98.7,103.8,110.2,102.9,102.5
Broome,Kimberley,2025,108.4,120.3,139.9,106.5,,113.0,98.9,111.4,104.9,115.3
Derby,Kimberley,2025,115.0,232.5,102.5,121.0,,123.3,99.0,40.5,104.8,109.5
Fitzroy Crossing,Kimberley,2025,126.9,178.2,98.7,127.3,,134.3,111.1,51.0,103.5,113.4
Halls Creek,Kimberley,2025,130.0,163.4,105.4,122.9,,107.6,87.4,40.4,97.5,106.4
Kununurra,Kimberley,2025,105.5,143.5,99.8,114.8,,122.6,106.5,115.9,102.7,110.3
Wyndham,Kimberley,2025,117.4,181.7,112.2,135.3,,139.2,127.1,140.8,106.3,125.7
Dongara,Mid West,2025,111.9,195.5,87.2,120.0,,113.4,105.9,107.7,101.6,108.5
Geraldton,Mid West,2025,104.9,100.4,84.8,107.0,,102.6,99.0,102.6,99.1,99.0
Kalbarri,Mid West,2025,118.7,203.3,81.1,119.6,,107.2,103.7,111.1,100.0,107.4
Meekatharra,Mid West,2025,119.6,171.9,73.1,136.8,,121.2,113.6,39.6,94.4,103.4
Mt Magnet,Mid West,2025,112.3,187.8,81.2,122.2,,118.0,107.7,56.1,103.4,104.1
Boddington,Peel,2025,114.7,174.3,87.9,114.0,,107.3,106.5,111.6,96.7,106.4
Byford,Peel,2025,103.8,100.8,91.5,99.0,,95.5,99.2,102.0,85.9,96.3
Mandurah,Peel,2025,105.1,100.5,88.8,102.6,,100.3,99.3,105.8,95.9,98.8
Karratha,Pilbara,2025,103.4,106.6,131.2,109.3,,108.3,98.8,113.2,95.7,110.7
Newman,Pilbara,2025,108.6,178.1,99.8,123.5,,119.1,102.1,116.0,101.9,112.0
Onslow,Pilbara,2025,124.1,166.4,147.3,126.3,,108.2,104.9,40.2,107.4,117.3
Port Hedland,Pilbara,2025,106.1,102.3,129.8,113.1,,99.0,100.1,114.1,99.1,110.1
Tom Price,Pilbara,2025,102.0,156.8,134.4,112.7,,115.9,99.0,122.3,91.6,114.7
Bridgetown,South West,2025,106.6,202.2,90.4,107.1,,108.3,105.6,113.4,102.7,106.5
Bunbury,South West,2025,107.2,99.6,91.7,103.3,,94.1,99.0,102.7,103.1,99.4
Busselton,South West,2025,101.5,101.6,100.0,105.4,,94.9,99.0,106.1,95.1,100.0
Collie,South West,2025,104.9,169.1,83.4,107.5,,107.7,99.0,108.9,98.9,102.3
Harvey,South West,2025,108.2,185.1,86.4,119.0,,98.1,103.2,108.6,93.6,103.4
Margaret River,South West,2025,108.3,170.1,96.7,115.2,,104.3,98.6,112.8,104.4,107.2
Beverley,Wheatbelt,2025,111.6,165.7,81.0,108.4,,104.9,107.0,107.4,95.7,102.5
Dalwallinu,Wheatbelt,2025,110.2,141.3,84.2,109.3,,114.1,114.2,113.2,103.9,105.9
Gingin,Wheatbelt,2025,118.0,194.4,90.6,114.8,,107.3,106.3,109.4,95.4,107.9
Jurien Bay,Wheatbelt,2025,117.1,169.9,88.4,113.8,,105.9,101.7,114.0,99.8,106.8
Merredin,Wheatbelt,2025,113.4,192.9,77.1,120.8,,104.3,103.5,109.5,95.9,104.3
Moora,Wheatbelt,2025,119.4,184.3,106.9,112.6,,110.4,101.2,115.1,100.7,112.4
Mukinbudin,Wheatbelt,2025,114.4,201.0,74.9,122.5,,104.5,121.5,114.2,102.6,106.9
Narrogin,Wheatbelt,2025,95.8,183.4,80.8,109.2,,97.9,100.4,111.4,105.7,100.2
Northam,Wheatbelt,2025,103.6,102.7,90.5,100.3,,94.9,98.8,100.4,96.0,97.3
Southern Cross,Wheatbelt,2025,113.1,141.9,69.9,111.9,,93.6,112.2,115.7,94.3,98.9
Toodyay,Wheatbelt,2025,105.1,183.1,84.0,112.5,,113.3,107.6,117.6,100.8,106.1
Albany,Great Southern,2023,99.7,101.3,105.9,100.5,,103.9,99.2,100.1,104.1,102.9
Beverley,Wheatbelt,2023,101.6,103.9,95.4,106.1,,103.1,117.6,97.6,103.8,101.4
Bridgetown,South West,2023,106.5,104.7,97.2,106.9,,100.5,106.2,102.9,100.8,102.0
Broome,Kimberley,2023,101.3,101.3,121.7,101.1,,108.1,101.5,105.2,102.4,108.5
Bunbury,South West,2023,96.3,100.0,100.4,99.3,,99.1,100.8,100.0,98.9,99.2
Busselton,South West,2023,98.5,100.0,100.3,97.7,,97.6,97.5,102.6,98.8,98.9
Byford,Peel,2023,98.5,101.0,100.4,101.3,,100.1,104.9,100.2,98.1,100.0
Carnarvon,Gascoyne,2023,99.8,107.0,109.5,102.5,,103.3,103.3,102.3,104.9,104.7
Dalwallinu,Wheatbelt,2023,105.7,102.8,100.6,104.4,,104.8,119.3,100.3,102.6,103.6
Denmark,Great Southern,2023,102.2,101.6,102.0,99.9,,103.4,106.0,104.2,102.9,102.3
Derby,Kimberley,2023,101.4,103.7,105.4,101.9,,108.3,104.8,103.2,113.6,105.5
Esperance,Goldfields-Esperance,2023,99.6,102.7,101.2,101.4,,100.6,102.9,110.5,105.3,102.0
Exmouth,Gascoyne,2023,102.2,106.5,112.9,103.1,,109.8,112.6,102.7,101.4,106.9
Fitzroy Crossing,Kimberley,2023,126.3,109.0,103.8,116.4,,113.2,111.0,107.0,107.3,111.8
Geraldton,Mid West,2023,99.4,100.0,97.1,100.5,,99.6,97.3,102.6,98.0,98.8
Gingin,Wheatbelt,2023,103.4,100.6,100.7,98.8,,98.2,105.1,100.4,102.0,100.8
Gnowangerup,Great Southern,2023,102.5,105.5,100.2,102.6,,103.0,107.0,106.6,102.0,102.3
Halls Creek,Kimberley,2023,120.8,108.1,104.8,120.2,,116.2,109.9,106.7,110.3,112.5
Kalbarri,Mid West,2023,107.8,103.1,96.4,104.0,,102.9,97.8,105.6,104.0,102.1
Kalgoorlie,Goldfields-Esperance,2023,100.5,101.3,102.1,101.1,,104.9,99.6,102.9,100.3,101.7
Karratha,Pilbara,2023,102.0,100.8,131.2,101.1,,107.1,110.1,108.7,97.6,111.1
Katanning,Great Southern,2023,100.7,104.0,100.3,102.1,,100.4,103.0,109.3,100.2,101.3
Kununurra,Kimberley,2023,103.0,109.6,106.1,109.5,,109.1,113.3,104.8,112.5,107.7
Leonora,Goldfields-Esperance,2023,98.7,106.7,102.9,104.7,,113.3,102.1,105.0,105.1,104.4
Mandurah,Peel,2023,98.8,101.7,99.5,101.5,,101.9,101.3,102.3,98.9,100.2
Margaret River,South West,2023,97.8,103.0,102.0,100.9,,97.7,100.4,100.5,100.4,100.3
Meekatharra,Mid West,2023,112.5,102.6,95.7,107.5,,108.2,118.5,104.7,100.4,104.1
Mt Magnet,Mid West,2023,106.6,102.9,102.8,107.4,,110.6,112.8,102.6,99.6,105.1
Mukinbudin,Wheatbelt,2023,101.7,100.7,99.5,103.0,,103.0,110.8,105.4,105.7,102.5
Narrogin,Wheatbelt,2023,100.6,101.8,99.9,102.5,,102.4,101.8,105.2,101.1,101.3
Newman,Pilbara,2023,102.0,109.2,109.2,105.7,,109.7,102.2,108.5,101.5,106.2
Norseman,Goldfields-Esperance,2023,110.8,104.3,101.1,107.2,,105.5,112.4,105.7,105.7,105.6
Northam,Wheatbelt,2023,100.7,100.4,98.1,101.1,,102.8,100.6,98.3,100.9,100.2
Onslow,Pilbara,2023,124.5,106.7,127.2,114.6,,115.5,113.8,104.0,102.1,117.6
Port Hedland,Pilbara,2023,100.8,100.9,154.9,103.6,,108.4,106.8,114.7,105.2,119.7
Southern Cross,Wheatbelt,2023,112.6,103.3,97.7,102.3,,104.2,106.3,97.9,105.4,103.3
Tom Price,Pilbara,2023,101.4,100.7,188.5,106.6,,112.0,100.4,106.3,102.9,129.7
Toodyay,Wheatbelt,2023,102.4,103.7,99.8,103.8,,103.3,105.8,105.8,101.7,102.2
Wyndham,Kimberley,2023,118.8,109.7,102.5,111.7,,104.6,128.4,103.9,107.6,108.8
Albany,Great Southern,2021,100.7,100.4,97.8,100.1,,100.8,101.7,111.0,102.2,100.5
Beverley,Wheatbelt,2021,101.4,100.0,94.0,103.1,,102.7,114.2,96.3,104.1,100.2
Bridgetown-Greenbushes,South West,2021,116.2,100.0,93.4,108.6,,100.6,106.4,105.1,102.6,103.0
Broome,Kimberley,2021,103.2,100.0,130.0,102.0,,106.3,102.2,108.6,100.6,111.1
Bunbury,South West,2021,98.9,104.3,100.5,99.2,,93.0,105.6,114.7,97.3,99.5
Busselton,South West,2021,98.2,100.0,99.5,97.9,,97.9,101.8,101.9,100.0,99.1
Byford,Peel,2021,98.5,99.0,96.5,94.9,,111.8,104.3,102.1,98.5,99.5
Carnarvon,Gascoyne,2021,100.2,100.0,101.5,98.4,,100.0,103.3,105.2,101.5,99.9
Dalwallinu,Wheatbelt,2021,102.8,100.0,94.2,102.9,,102.7,107.1,109.4,105.6,101.0
Denmark,Great Southern,2021,102.2,100.0,97.0,101.0,,104.7,107.3,107.5,100.0,100.9
Derby,Kimberley,2021,105.6,100.0,103.5,100.9,,106.6,118.2,109.6,117.1,106.4
Esperance,Goldfields-Esperance,2021,101.8,100.0,95.2,98.3,,103.6,105.4,113.0,100.3,100.0
Exmouth,Gascoyne,2021,101.9,100.0,110.9,104.4,,110.8,112.9,101.8,104.1,106.8
Fitzroy Crossing,Kimberley,2021,128.1,100.0,104.1,115.6,,124.0,111.5,111.9,107.4,113.4
Geraldton,Mid West,2021,103.0,100.0,96.1,101.1,,97.4,107.2,107.4,105.1,100.5
Gingin,Wheatbelt,2021,102.2,100.0,97.8,103.1,,96.7,110.1,102.8,97.8,99.9
Gnowangerup,Great Southern,2021,100.3,99.9,102.1,101.5,,101.9,104.1,104.7,100.7,101.6
Halls Creek,Kimberley,2021,119.0,100.0,103.9,116.7,,114.8,107.8,100.0,122.6,112.3
Kalbarri,Mid West,2021,110.3,101.8,93.5,98.2,,100.4,115.1,104.9,105.0,101.1
Kalgoorlie,Goldfields-Esperance,2021,104.9,100.0,100.4,108.5,,103.6,109.9,114.3,104.2,104.3
Karratha,Pilbara,2021,104.7,100.0,137.7,107.0,,110.9,109.8,111.6,102.1,115.9
Katanning,Great Southern,2021,99.7,100.0,103.4,101.4,,95.1,106.3,111.1,100.9,101.4
Kununurra,Kimberley,2021,112.7,100.0,106.9,107.4,,104.2,117.3,105.2,108.6,107.9
Leonora,Goldfields-Esperance,2021,116.0,100.0,92.7,110.6,,117.5,126.0,117.1,104.0,106.7
Mandurah,Peel,2021,100.4,100.0,95.8,96.6,,98.9,96.8,95.5,98.9,97.7
Margaret River,South West,2021,101.1,100.0,100.0,102.2,,98.1,104.5,105.6,102.1,101.0
Meekatharra,Mid West,2021,112.8,100.0,90.8,107.2,,109.5,123.5,104.7,110.1,104.2
Mt Magnet,Mid West,2021,110.6,100.0,89.3,109.0,,106.7,115.2,100.0,101.4,104.2
Narrogin,Wheatbelt,2021,96.6,102.5,92.3,99.8,,106.9,106.0,104.4,105.9,99.4
Newman,Pilbara,2021,101.7,100.0,113.7,101.6,,112.1,101.2,110.7,102.0,107.0
Norseman,Goldfields-Esperance,2021,104.5,100.0,99.2,106.4,,105.0,101.9,103.2,103.9,102.9
Northam,Wheatbelt,2021,105.6,100.0,96.9,101.9,,101.4,105.2,100.8,102.0,101.0
Port Hedland,Pilbara,2021,105.4,100.0,165.3,104.5,,112.8,110.7,121.2,110.0,125.3
Southern Cross,Wheatbelt,2021,113.3,100.0,90.7,109.9,,103.0,113.6,94.3,110.8,103.1
Tom Price,Pilbara,2021,108.2,100.0,110.6,106.7,,111.1,111.3,104.0,100.9,107.7
Toodyay,Wheatbelt,2021,99.9,100.0,96.2,100.5,,105.0,107.4,106.5,101.4,100.4
Wyndham,Kimberley,2021,120.2,100.2,101.3,109.8,,98.0,132.5,104.7,104.1,107.0
Albany,Great Southern,2019,97.1,96.5,105.4,97.8,,99.8,100.3,105.5,103.9,101.4
Beverley,Wheatbelt,2019,103.4,,95.8,104.6,,101.8,104.9,100.3,104.8,101.2
Bridgetown-Greenbushes,South West,2019,100.5,,99.3,106.6,,101.1,104.6,100.5,112.7,103.1
Broome,Kimberley,2019,108.1,124.7,122.2,105.2,,112.3,105.2,104.7,115.0,113.6
Bunbury,South West,2019,101.2,102.0,101.8,102.0,,101.4,100.9,100.7,103.5,101.9
Busselton,South West,2019,100.1,101.8,102.8,101.3,,100.4,100.4,102.0,102.4,101.6
Byford,Peel,2019,100.6,100.0,103.6,104.5,,99.1,98.8,106.1,112.2,103.7
Carnarvon,Gascoyne,2019,101.8,108.9,102.7,108.2,,102.4,104.0,99.6,108.4,104.3
Dalwallinu,Wheatbelt,2019,102.1,101.3,99.1,105.3,,98.8,105.0,99.2,104.6,101.6
Denmark,Great Southern,2019,95.7,106.2,104.3,105.7,,99.9,97.0,103.1,102.7,102.0
Derby,Kimberley,2019,103.4,129.2,103.1,120.0,,114.9,122.4,106.1,118.7,111.2
Esperance,Goldfields-Esperance,2019,98.4,103.7,103.1,100.9,,98.0,99.7,103.8,106.2,101.7
Exmouth,Gascoyne,2019,110.8,139.6,111.6,108.7,,101.2,111.3,101.5,127.1,112.2
Fitzroy Crossing,Kimberley,2019,128.5,161.2,93.1,126.2,,116.0,,111.2,202.0,121.8
Geraldton,Mid West,2019,103.2,99.5,103.3,106.8,,106.4,109.1,102.4,103.8,104.3
Gingin,Wheatbelt,2019,108.6,,100.8,105.2,,94.1,103.5,102.9,94.0,98.0
Gnowangerup,Great Southern,2019,106.3,,92.3,96.7,,108.3,99.0,94.7,122.7,102.3
Halls Creek,Kimberley,2019,132.3,148.2,123.8,115.0,,142.4,106.1,125.2,126.9,126.9
Kalbarri,Mid West,2019,117.9,98.9,101.5,107.6,,107.2,109.3,99.9,96.8,105.4
Kalgoorlie,Goldfields-Esperance,2019,107.2,98.1,101.2,101.5,,106.5,110.8,104.0,97.9,102.9
Karratha,Pilbara,2019,104.9,105.8,127.7,106.7,,105.2,103.0,113.1,107.1,112.6
Katanning,Great Southern,2019,95.9,105.6,91.8,97.3,,106.9,103.1,107.3,98.6,97.8
Kununurra,Kimberley,2019,102.2,119.4,118.1,110.1,,107.6,111.6,115.3,104.2,110.6
Leinster,Goldfields-Esperance,2019,123.5,124.3,96.8,111.7,,112.7,121.8,108.2,136.2,113.4
Leonora,Goldfields-Esperance,2019,123.9,,101.0,100.1,,104.8,124.2,103.7,103.5,103.3
Mandurah,Peel,2019,101.3,100.0,99.1,101.3,,99.3,99.7,97.8,104.4,100.5
Margaret River,South West,2019,98.2,108.2,105.6,106.4,,102.2,100.2,104.0,107.7,104.2
Meekatharra,Mid West,2019,120.2,100.0,99.3,117.0,,108.3,116.3,107.7,124.5,111.2
Mt Magnet,Mid West,2019,110.0,,99.7,110.8,,107.5,110.1,93.2,111.9,102.8
Mukinbudin,Wheatbelt,2019,108.0,,96.8,104.5,,96.3,101.0,98.8,97.2,100.2
Narrogin,Wheatbelt,2019,93.6,91.7,97.3,104.2,,102.9,93.6,97.5,95.0,98.7
Newman,Pilbara,2019,109.7,110.6,114.4,116.3,,103.3,104.7,111.0,111.9,111.5
Norseman,Goldfields-Esperance,2019,119.4,115.2,101.0,111.9,,106.1,111.2,103.0,99.9,107.1
Northam,Wheatbelt,2019,96.2,97.8,99.3,96.5,,99.3,99.6,94.5,104.4,98.8
Onslow,Pilbara,2019,117.7,,119.8,113.5,,108.5,109.9,100.5,107.2,113.8
Port Hedland,Pilbara,2019,107.2,110.9,139.4,105.4,,112.9,115.9,148.7,101.3,118.7
Southern Cross,Wheatbelt,2019,108.3,91.3,91.9,105.9,,102.8,106.0,98.0,111.6,101.7
Tom Price,Pilbara,2019,103.9,111.5,148.7,108.4,,107.5,109.4,113.5,116.5,120.9
Toodyay,Wheatbelt,2019,98.9,,102.8,104.1,,102.5,104.9,100.4,109.3,100.0
Wyndham,Kimberley,2019,120.4,117.8,109.3,115.3,,100.2,115.3,107.6,161.2,118.5
Albany,Great Southern,2017,99.3,101.7,97.4,99.4,,99.3,99.1,108.5,104.3,99.9
Broome,Kimberley,2017,104.2,102.1,115.8,108.8,,106.2,106.6,107.1,107.0,109.1
Bunbury,South West,2017,101.7,106.3,102.5,103.3,,102.9,99.1,101.6,100.3,102.2
Busselton,South West,2017,98.9,101.7,98.8,103.9,,98.3,97.2,101.7,101.7,100.1
Byford,Peel,2017,97.7,97.7,95.7,103.3,,96.6,101.2,103.3,100.4,98.2
Carnarvon,Gascoyne,2017,101.1,104.7,106.4,104.5,,100.7,107.5,110.4,110.3,105.2
Denmark,Great Southern,2017,103.9,119.3,93.1,108.1,,100.7,104.4,103.5,105.6,101.6
Derby,Kimberley,2017,121.1,104.7,115.9,116.6,,103.9,112.4,115.2,102.0,118.4
Esperance,Goldfields-Esperance,2017,109.3,99.1,96.2,101.4,,100.0,105.0,111.2,103.4,101.8
Exmouth,Gascoyne,2017,123.5,,121.8,123.3,,103.8,110.5,103.0,111.5,117.0
Geraldton,Mid West,2017,104.9,104.2,93.9,102.5,,100.2,105.1,97.4,105.0,100.3
Gingin,Wheatbelt,2017,113.8,116.0,100.0,110.3,,97.1,106.7,100.0,108.3,105.4
Halls Creek,Kimberley,2017,127.9,114.8,124.7,124.0,,109.0,104.4,102.5,95.0,116.8
Kalbarri,Mid West,2017,119.3,102.2,92.1,109.7,,101.9,114.7,106.0,109.7,104.8
Kalgoorlie,Goldfields-Esperance,2017,106.4,99.1,97.2,101.0,,102.0,102.3,105.7,99.0,100.8
Karratha,Pilbara,2017,111.4,104.3,120.4,105.2,,100.6,98.9,113.3,106.6,110.4
Leinster,Goldfields-Esperance,2017,,,,,,,,,,
Mandurah,Peel,2017,100.1,97.3,93.3,102.3,,96.7,100.1,97.7,97.1,97.2
Meekatharra,Mid West,2017,123.0,117.5,134.4,117.9,,113.4,117.5,114.0,98.3,120.1
Narrogin,Wheatbelt,2017,99.8,102.6,95.6,102.4,,104.2,105.8,106.5,104.7,100.8
Newman,Pilbara,2017,108.8,,103.5,110.8,,104.6,101.4,110.5,113.8,107.5
Norseman,Goldfields-Esperance,2017,130.2,,95.7,107.9,,107.1,113.4,104.0,117.2,109.2
Northam,Wheatbelt,2017,99.8,107.6,94.0,102.4,,98.2,102.6,100.1,100.4,98.7
Port Hedland,Pilbara,2017,110.0,102.9,133.4,104.0,,102.0,105.7,110.1,105.7,113.5
Southern Cross,Wheatbelt,2017,118.2,,97.1,116.9,,98.2,113.7,102.5,106.7,106.3
Toodyay,Wheatbelt,2017,106.1,,102.3,117.2,,100.8,109.1,103.4,95.4,104.5
Wyndham-Kununurra,Kimberley,2017,114.6,92.7,121.7,117.4,,106.7,115.4,104.7,104.7,113.7
Albany,Great Southern,2015,103.0,104.4,95.2,111.3,,95.5,94.9,91.9,101.4,100.0
Broome,Kimberley,2015,113.8,121.7,116.6,120.5,,102.2,108.1,115.4,111.8,114.0
Bunbury,South West,2015,113.3,108.2,99.8,101.8,,101.5,97.8,101.4,99.1,102.7
Busselton,South West,2015,109.7,111.1,97.5,107.4,,98.0,102.2,98.9,90.4,100.8
Byford,Peel,2015,105.6,102.5,98.0,106.8,,103.4,102.2,104.4,92.8,101.2
Carnarvon,Gascoyne,2015,109.9,130.0,106.5,121.7,,104.1,105.8,108.6,98.0,108.7
Denmark,Great Southern,2015,109.2,105.6,91.4,109.1,,104.9,109.2,91.6,90.8,99.8
Derby,Kimberley,2015,117.7,111.0,116.7,128.8,,118.2,111.0,116.4,115.1,117.7
Esperance,Goldfields-Esperance,2015,111.5,123.0,99.4,119.4,,115.5,108.3,113.0,99.5,108.3
Exmouth,Gascoyne,2015,137.4,132.5,124.8,115.0,,114.1,113.7,107.8,108.1,120.7
Geraldton,Mid West,2015,104.0,98.3,98.2,114.6,,99.3,99.9,110.2,96.4,102.2
Gingin,Wheatbelt,2015,117.1,101.0,100.0,100.8,,106.7,102.0,104.8,104.7,104.8
Halls Creek,Kimberley,2015,139.8,99.9,116.3,128.2,,116.6,106.4,104.9,120.7,121.3
Kalbarri,Mid West,2015,130.2,95.5,98.5,114.8,,122.0,114.7,106.9,89.1,108.6
Kalgoorlie,Goldfields-Esperance,2015,102.8,97.6,92.7,108.1,,102.8,101.2,107.7,102.8,100.6
Karratha,Pilbara,2015,122.6,100.7,132.9,111.3,,113.5,105.9,121.0,98.8,118.0
Leinster,Goldfields-Esperance,2015,105.1,107.0,96.8,82.3,,105.7,133.7,114.6,114.2,101.2
Mandurah,Peel,2015,108.2,103.5,93.6,100.2,,93.4,95.8,97.0,97.0,98.0
Meekatharra,Mid West,2015,125.4,100.7,103.8,120.8,,130.4,118.5,107.6,89.6,112.1
Narrogin,Wheatbelt,2015,99.4,104.4,97.7,100.0,,115.9,104.4,110.6,99.4,99.4
Newman,Pilbara,2015,109.9,105.6,122.9,127.2,,129.4,100.2,108.6,98.3,116.8
Norseman,Goldfields-Esperance,2015,128.2,123.0,86.7,126.8,,117.4,122.5,95.4,106.5,109.4
Northam,Wheatbelt,2015,102.9,101.1,93.0,103.1,,99.6,104.6,96.5,110.2,100.3
Port Hedland,Pilbara,2015,116.0,91.1,138.4,112.7,,108.1,105.1,116.6,96.3,117.2
Southern Cross,Wheatbelt,2015,117.8,100.0,90.3,120.5,,110.6,117.7,107.7,113.9,107.6
Toodyay,Wheatbelt,2015,107.3,101.1,99.5,116.7,,108.6,109.8,110.7,102.9,106.1
Wyndham-Kununurra,Kimberley,2015,120.9,105.7,111.5,116.8,,114.2,113.7,106.6,107.7,113.4
Albany,Great Southern,2013,101.8,102.8,84.2,100.9,,99.8,101.0,110.8,105.2,97.1
Broome,Kimberley,2013,107.5,111.3,133.7,110.5,,105.7,112.0,102.3,110.8,116.0
Bunbury,South West,2013,98.7,109.5,92.7,101.4,,101.6,101.4,104.2,106.5,99.5
Busselton,South West,2013,98.5,115.2,97.4,100.4,,98.7,104.3,96.9,106.9,100.3
Byford,Peel,2013,101.8,102.5,99.6,101.1,,98.4,103.4,108.1,90.0,99.3
Carnarvon,Gascoyne,2013,107.4,120.1,120.4,105.1,,101.9,111.5,106.4,92.1,108.5
Denmark,Great Southern,2013,106.7,118.8,95.5,100.9,,101.3,102.8,113.9,95.1,100.7
Derby,Kimberley,2013,110.7,114.2,113.4,110.5,,110.4,114.2,99.0,103.6,110.7
Esperance,Goldfields-Esperance,2013,106.4,114.9,96.9,107.9,,105.8,105.2,120.6,104.0,104.3
Exmouth,Gascoyne,2013,98.6,117.5,121.1,108.1,,115.7,102.7,100.6,100.4,110.1
Geraldton,Mid West,2013,102.6,121.8,97.0,103.7,,100.9,103.5,114.9,104.7,102.4
Gingin,Wheatbelt,2013,111.4,129.6,92.0,101.2,,102.4,105.8,106.6,95.3,100.8
Halls Creek,Kimberley,2013,130.3,119.6,122.4,112.0,,109.3,112.1,116.4,103.9,116.6
Kalbarri,Mid West,2013,119.0,119.4,106.3,107.7,,94.2,113.0,124.2,105.3,108.4
Kalgoorlie,Goldfields-Esperance,2013,106.0,104.9,97.7,102.4,,100.0,104.8,118.7,114.0,103.9
Karratha,Pilbara,2013,101.0,115.9,141.5,109.7,,110.4,100.9,137.0,109.1,118.8
Leinster,Goldfields-Esperance,2013,105.6,113.1,113.4,94.3,,109.8,120.7,110.9,97.6,108.0
Mandurah,Peel,2013,101.1,102.5,97.9,99.1,,105.2,99.5,108.6,94.7,99.8
Meekatharra,Mid West,2013,115.3,119.4,94.4,103.2,,95.8,114.9,108.3,93.5,101.5
Narrogin,Wheatbelt,2013,93.8,103.2,118.6,100.2,,100.3,103.2,112.5,89.3,93.8
Newman,Pilbara,2013,102.0,118.3,121.0,104.2,,113.3,106.4,113.9,110.8,111.9
Norseman,Goldfields-Esperance,2013,111.4,134.5,95.7,102.6,,105.0,117.7,111.7,100.4,104.0
Northam,Wheatbelt,2013,102.3,127.9,100.6,98.3,,102.4,104.6,107.4,97.4,101.6
Port Hedland,Pilbara,2013,101.9,94.7,147.7,110.4,,113.4,119.3,128.2,115.5,121.8
Southern Cross,Wheatbelt,2013,106.6,129.6,101.9,102.9,,104.6,120.7,103.5,93.4,103.6
Toodyay,Wheatbelt,2013,101.2,131.5,108.2,103.1,,102.0,116.6,111.1,94.9,104.8
Wyndham-Kununurra,Kimberley,2013,123.9,121.7,122.8,106.3,,113.4,117.1,109.7,101.6,115.4
Albany,Great Southern,2011,101.6,104.5,94.9,105.2,,100.3,103.0,103.7,98.8,99.9
Broome,Kimberley,2011,119.7,120.9,116.4,112.9,,112.5,106.3,107.7,116.0,115.2
Bunbury,South West,2011,106.6,106.8,93.6,100.0,,101.9,100.0,100.4,106.4,100.6
Busselton,South West,2011,103.0,110.5,93.1,101.2,,99.9,101.9,98.9,106.1,99.8
Carnarvon,Gascoyne,2011,106.2,117.3,107.7,110.6,,109.4,106.2,100.4,99.2,106.7
Denmark,Great Southern,2011,97.9,125.1,99.4,110.7,,102.6,104.7,103.3,100.4,102.7
Derby,Kimberley,2011,111.4,129.3,180.4,111.7,,116.4,108.4,107.5,110.4,132.6
Esperance,Goldfields-Esperance,2011,106.0,124.4,94.4,106.0,,103.9,102.6,104.8,101.2,102.0
Exmouth,Gascoyne,2011,127.3,117.5,114.8,117.1,,108.2,112.2,105.3,110.1,115.8
Geraldton,Mid West,2011,106.1,119.8,96.3,104.1,,100.3,102.1,103.1,101.8,101.7
Gingin,Wheatbelt,2011,110.8,114.2,96.0,106.4,,103.2,108.1,101.6,98.5,102.6
Halls Creek,Kimberley,2011,127.0,122.3,121.6,115.3,,113.8,110.9,115.4,106.4,118.0
Kalbarri,Mid West,2011,119.6,122.0,95.9,113.7,,106.1,108.5,104.2,101.6,106.4
Kalgoorlie,Goldfields-Esperance,2011,111.2,107.6,106.5,103.7,,102.1,103.4,102.9,107.9,106.2
Karratha,Pilbara,2011,115.5,117.4,202.0,107.2,,109.5,101.1,112.2,109.5,137.5
Leinster,Goldfields-Esperance,2011,120.6,111.5,106.7,115.3,,103.7,109.8,108.2,107.2,110.3
Mandurah,Peel,2011,104.5,104.4,94.7,99.9,,99.9,98.1,97.2,102.0,99.4
Meekatharra,Mid West,2011,126.3,122.6,93.5,112.9,,104.5,111.3,106.6,95.2,105.8
Narrogin,Wheatbelt,2011,102.0,110.8,94.4,98.7,,105.6,106.1,105.0,100.1,100.0
Newman,Pilbara,2011,109.6,124.5,200.6,105.6,,114.8,107.5,110.1,116.5,137.9
Norseman,Goldfields-Esperance,2011,113.1,124.4,107.6,108.6,,105.0,109.1,107.3,105.9,108.6
Northam,Wheatbelt,2011,101.4,113.8,97.0,101.2,,102.0,102.9,102.2,98.9,100.3
Port Hedland,Pilbara,2011,112.8,117.9,196.5,109.8,,112.6,100.8,109.0,109.3,136.1
Serpentine,Peel,2011,103.1,111.3,100.2,103.7,,101.1,102.2,100.1,102.4,102.1
Southern Cross,Wheatbelt,2011,112.5,113.8,95.6,109.2,,105.5,111.9,102.1,97.9,103.6
Toodyay,Wheatbelt,2011,104.5,113.8,97.2,103.5,,102.1,107.8,104.2,98.5,101.4
Wyndham-Kununurra,Kimberley,2011,118.9,122.9,123.9,112.6,,115.8,109.5,107.5,116.2,117.9
Albany,Great Southern,2007,98.1,102.3,90.8,102.8,100.8,100.3,98.8,97.8,96.6,97.5
Broome,Kimberley,2007,109.5,101.9,131.8,109.9,107.6,101.1,102.7,101.8,143.5,117.2
Bunbury,South West,2007,103.6,103.3,91.0,104.5,103.2,100.0,101.0,99.0,142.2,106.1
Busselton,South West,2007,107.6,103.3,90.2,103.3,102.2,99.8,102.4,98.9,144.1,106.8
Byford,Peel,2007,103.1,111.3,100.2,103.7,104.8,101.1,102.2,100.1,102.4,102.1
Carnarvon,Gascoyne,2007,101.2,111.2,90.2,104.5,104.6,101.1,105.3,97.7,115.6,102.1
Denmark,Great Southern,2007,102.8,111.8,82.2,104.8,107.1,100.6,103.0,100.2,133.0,103.4
Derby,Kimberley,2007,115.4,115.9,104.9,111.6,108.6,101.5,107.1,105.2,147.4,114.5
Dongara,Mid West,2007,105.5,107.1,84.8,105.5,106.7,100.8,105.7,100.2,135.0,104.8
Esperance,Goldfields-Esperance,2007,106.3,106.9,101.9,103.6,100.8,100.8,105.3,99.5,104.6,103.5
Exmouth,Gascoyne,2007,116.8,111.2,99.2,107.8,112.8,102.2,107.2,98.6,148.5,112.7
Geraldton,Mid West,2007,105.6,107.2,88.5,103.4,101.6,100.6,103.5,99.0,139.1,105.7
Gingin,Wheatbelt,2007,107.8,111.1,83.6,103.9,109.4,100.4,105.4,102.5,153.3,107.8
Kalgoorlie,Goldfields-Esperance,2007,107.4,108.9,103.3,105.3,104.5,100.4,108.8,102.4,105.7,104.9
Karratha,Pilbara,2007,114.4,103.9,155.1,108.0,110.7,101.6,105.3,104.9,142.2,123.1
Kununurra,Kimberley,2007,116.0,122.1,136.6,113.0,112.1,102.2,110.2,103.1,144.4,121.6
Mandurah,Peel,2007,103.4,104.8,88.5,100.5,101.1,100.1,99.6,99.7,119.0,101.3
Narrogin,Wheatbelt,2007,100.3,109.8,87.6,102.7,103.3,100.5,107.9,100.6,150.7,106.8
Northam,Wheatbelt,2007,99.2,109.4,97.4,101.4,100.5,100.2,102.1,98.6,132.4,105.1
Port Hedland,Pilbara,2007,99.4,103.2,143.8,106.1,106.2,102.0,105.2,102.7,140.9,117.6
Toodyay,Wheatbelt,2007,105.8,111.1,93.9,104.5,107.1,100.2,108.5,101.1,140.8,107.9
Albany,Great Southern,2000,98.5,111.5,100.4,99.1,99.0,105.1,103.7,99.4,107.4,102.0
Broome,Kimberley,2000,119.3,109.6,138.7,101.6,110.5,110.8,109.5,105.0,106.9,113.2
Bunbury,South West,2000,101.5,114.8,99.9,93.5,97.9,102.9,100.8,98.0,110.8,101.2
Busselton,South West,2000,99.2,111.8,104.0,98.8,99.2,105.6,106.3,99.4,107.2,102.9
Byford,Peel,2000,103.7,105.6,102.6,98.5,99.7,96.5,104.2,97.1,99.8,100.6
Carnarvon,Gascoyne,2000,102.8,117.0,104.1,101.9,106.0,110.3,105.3,97.9,116.2,105.9
Derby,Kimberley,2000,117.4,118.3,130.9,104.7,109.5,111.5,119.8,103.4,113.6,114.6
Dongara,Mid West,2000,118.6,114.3,100.2,98.4,106.8,109.4,108.8,96.5,111.7,107.3
Esperance,Goldfields-Esperance,2000,105.8,117.0,100.0,98.2,105.1,106.1,107.6,99.2,111.6,104.4
Exmouth,Gascoyne,2000,123.1,123.8,111.4,101.6,109.5,123.7,114.7,100.0,114.2,114.0
Geraldton,Mid West,2000,108.7,114.7,100.0,98.2,99.8,105.4,107.7,97.6,103.2,103.8
Kalgoorlie,Goldfields-Esperance,2000,109.1,113.8,113.5,100.8,104.9,108.4,103.0,100.9,107.9,106.8
Karratha,Pilbara,2000,113.5,117.8,123.1,101.8,107.7,112.0,107.2,102.9,111.5,110.8
Katanning,Great Southern,2000,109.0,108.9,100.8,106.5,98.8,104.9,107.1,98.5,100.8,105.0
Kununurra,Kimberley,2000,113.6,127.6,130.5,100.8,106.6,108.6,110.1,103.5,119.3,112.7
Laverton,Goldfields-Esperance,2000,118.7,117.5,123.8,101.0,123.7,111.8,125.8,102.7,106.7,113.0
Mandurah,Peel,2000,101.7,106.7,100.3,98.7,97.3,97.6,101.6,99.4,103.0,100.5
Meekatharra,Mid West,2000,107.5,112.9,101.9,101.0,110.7,105.5,111.5,98.1,108.8,105.2
Narrogin,Wheatbelt,2000,104.2,114.2,100.0,103.3,103.0,106.5,104.6,98.6,108.5,104.4
Northam,Wheatbelt,2000,100.4,113.1,101.9,95.4,97.9,101.2,108.8,97.0,111.3,102.0
Port Hedland,Pilbara,2000,112.4,122.2,133.5,103.7,107.4,107.6,110.4,102.9,106.0,111.6
